-- Complete Firebase Setup for Elghella Land Marketplace
-- This script creates all necessary tables and populates them with sample data
-- Copy and paste this entire script into your Firebase SQL Editor

-- Enable required extensions
CREATE EXTENSION IF NOT EXISTS "pgcrypto";

-- Create land_listings table
CREATE TABLE IF NOT EXISTS public.land_listings (
    id UUID DEFAULT gen_random_uuid() PRIMARY KEY,
    created_at TIMESTAMP WITH TIME ZONE DEFAULT timezone('utc'::text, now()) NOT NULL,
    updated_at TIMESTAMP WITH TIME ZONE DEFAULT timezone('utc'::text, now()) NOT NULL,
    user_id UUID NOT NULL REFERENCES public.profiles(id) ON DELETE CASCADE,
    title TEXT NOT NULL,
    description TEXT,
    price DECIMAL(15,2) NOT NULL,
    currency TEXT DEFAULT 'DZD',
    listing_type TEXT CHECK (listing_type IN ('sale', 'rent')) NOT NULL,
    area_size DECIMAL(10,2) NOT NULL,
    area_unit TEXT CHECK (area_unit IN ('hectare', 'acre', 'dunum')) DEFAULT 'hectare',
    location TEXT NOT NULL,
    coordinates JSONB,
    soil_type TEXT,
    water_source TEXT,
    images TEXT[] DEFAULT '{}',
    is_available BOOLEAN DEFAULT true,
    is_featured BOOLEAN DEFAULT false
);

-- Create land_reviews table
CREATE TABLE IF NOT EXISTS public.land_reviews (
    id UUID DEFAULT gen_random_uuid() PRIMARY KEY,
    created_at TIMESTAMP WITH TIME ZONE DEFAULT timezone('utc'::text, now()) NOT NULL,
    land_id UUID NOT NULL REFERENCES public.land_listings(id) ON DELETE CASCADE,
    user_id UUID NOT NULL REFERENCES public.profiles(id) ON DELETE CASCADE,
    rating INTEGER CHECK (rating >= 1 AND rating <= 5) NOT NULL,
    comment TEXT,
    UNIQUE(land_id, user_id)
);

-- Create land_favorites table
CREATE TABLE IF NOT EXISTS public.land_favorites (
    id UUID DEFAULT gen_random_uuid() PRIMARY KEY,
    created_at TIMESTAMP WITH TIME ZONE DEFAULT timezone('utc'::text, now()) NOT NULL,
    user_id UUID NOT NULL REFERENCES public.profiles(id) ON DELETE CASCADE,
    land_id UUID NOT NULL REFERENCES public.land_listings(id) ON DELETE CASCADE,
    UNIQUE(user_id, land_id)
);

-- Create equipment table (if it doesn't exist)
CREATE TABLE IF NOT EXISTS public.equipment (
    id UUID DEFAULT gen_random_uuid() PRIMARY KEY,
    created_at TIMESTAMP WITH TIME ZONE DEFAULT timezone('utc'::text, now()) NOT NULL,
    updated_at TIMESTAMP WITH TIME ZONE DEFAULT timezone('utc'::text, now()) NOT NULL,
    user_id UUID NOT NULL REFERENCES public.profiles(id) ON DELETE CASCADE,
    title TEXT NOT NULL,
    description TEXT,
    price DECIMAL(15,2) NOT NULL,
    currency TEXT DEFAULT 'DZD',
    category_id UUID,
    condition TEXT CHECK (condition IN ('new', 'excellent', 'good', 'fair', 'poor')) DEFAULT 'good',
    year INTEGER,
    brand TEXT,
    model TEXT,
    hours_used INTEGER,
    location TEXT NOT NULL,
    images TEXT[] DEFAULT '{}',
    is_available BOOLEAN DEFAULT true,
    is_featured BOOLEAN DEFAULT false
);

-- Create categories table (if it doesn't exist)
CREATE TABLE IF NOT EXISTS public.categories (
    id UUID DEFAULT gen_random_uuid() PRIMARY KEY,
    created_at TIMESTAMP WITH TIME ZONE DEFAULT timezone('utc'::text, now()) NOT NULL,
    name TEXT NOT NULL,
    name_ar TEXT NOT NULL,
    description TEXT,
    icon TEXT,
    parent_id UUID REFERENCES public.categories(id),
    sort_order INTEGER DEFAULT 0
);

-- Insert sample categories
INSERT INTO public.categories (name, name_ar, description, icon, sort_order) VALUES
('Tractors', 'Ø¬Ø±Ø§Ø±Ø§Øª', 'Agricultural tractors and machinery', 'ðŸšœ', 1),
('Harvesters', 'Ø­ØµØ§Ø¯Ø§Øª', 'Harvesting equipment and combines', 'ðŸŒ¾', 2),
('Plows', 'Ù…Ø­Ø§Ø±ÙŠØ«', 'Plowing and tillage equipment', 'âš’ï¸', 3),
('Irrigation', 'Ø£Ù†Ø¸Ù…Ø© Ø§Ù„Ø±ÙŠ', 'Irrigation systems and equipment', 'ðŸ’§', 4),
('Livestock', 'Ø­ÙŠÙˆØ§Ù†Ø§Øª Ø§Ù„Ù…Ø²Ø±Ø¹Ø©', 'Livestock and animal equipment', 'ðŸ„', 5),
('Tools', 'Ø£Ø¯ÙˆØ§Øª ÙŠØ¯ÙˆÙŠØ©', 'Hand tools and small equipment', 'ðŸ”§', 6)
ON CONFLICT DO NOTHING;

-- First, create users (required for profiles foreign key)
INSERT INTO auth.users (id, email, encrypted_password, email_confirmed_at, created_at, updated_at, raw_app_meta_data, raw_user_meta_data, is_super_admin, confirmation_token, email_change, email_change_token_new, recovery_token) VALUES
('550e8400-e29b-41d4-a716-446655440001', 'ahmed.benali@example.com', crypt('password123', gen_salt('bf')), NOW(), NOW(), NOW(), '{"provider":"email","providers":["email"]}', '{"name":"Ø£Ø­Ù…Ø¯ Ø¨Ù† Ø¹Ù„ÙŠ","phone":"+213 555 123 456"}', false, '', '', '', ''),
('550e8400-e29b-41d4-a716-446655440002', 'fatima.meziane@example.com', crypt('password123', gen_salt('bf')), NOW(), NOW(), NOW(), '{"provider":"email","providers":["email"]}', '{"name":"ÙØ§Ø·Ù…Ø© Ù…Ø²ÙŠÙ†","phone":"+213 555 234 567"}', false, '', '', '', ''),
('550e8400-e29b-41d4-a716-446655440003', 'mohammed.ouled@example.com', crypt('password123', gen_salt('bf')), NOW(), NOW(), NOW(), '{"provider":"email","providers":["email"]}', '{"name":"Ù…Ø­Ù…Ø¯ ÙˆÙ„Ø¯","phone":"+213 555 345 678"}', false, '', '', '', ''),
('550e8400-e29b-41d4-a716-446655440004', 'aicha.toumi@example.com', crypt('password123', gen_salt('bf')), NOW(), NOW(), NOW(), '{"provider":"email","providers":["email"]}', '{"name":"Ø¹Ø§Ø¦Ø´Ø© ØªÙˆÙ…ÙŠ","phone":"+213 555 456 789"}', false, '', '', '', ''),
('550e8400-e29b-41d4-a716-446655440005', 'brahim.khelifi@example.com', crypt('password123', gen_salt('bf')), NOW(), NOW(), NOW(), '{"provider":"email","providers":["email"]}', '{"name":"Ø¨Ø±Ø§Ù‡ÙŠÙ… Ø®Ù„ÙŠÙÙŠ","phone":"+213 555 567 890"}', false, '', '', '', ''),
('550e8400-e29b-41d4-a716-446655440006', 'nadia.bouazza@example.com', crypt('password123', gen_salt('bf')), NOW(), NOW(), NOW(), '{"provider":"email","providers":["email"]}', '{"name":"Ù†Ø§Ø¯ÙŠØ© Ø¨ÙˆØ¹Ø²Ø©","phone":"+213 555 678 901"}', false, '', '', '', ''),
('550e8400-e29b-41d4-a716-446655440007', 'youssef.hamidi@example.com', crypt('password123', gen_salt('bf')), NOW(), NOW(), NOW(), '{"provider":"email","providers":["email"]}', '{"name":"ÙŠÙˆØ³Ù Ø­Ù…ÙŠØ¯ÙŠ","phone":"+213 555 789 012"}', false, '', '', '', ''),
('550e8400-e29b-41d4-a716-446655440008', 'samira.benchaabane@example.com', crypt('password123', gen_salt('bf')), NOW(), NOW(), NOW(), '{"provider":"email","providers":["email"]}', '{"name":"Ø³Ù…ÙŠØ±Ø© Ø¨Ù† Ø´Ø¹Ø¨Ø§Ù†","phone":"+213 555 890 123"}', false, '', '', '', ''),
('550e8400-e29b-41d4-a716-446655440009', 'karim.mansouri@example.com', crypt('password123', gen_salt('bf')), NOW(), NOW(), NOW(), '{"provider":"email","providers":["email"]}', '{"name":"ÙƒØ±ÙŠÙ… Ù…Ù†ØµÙˆØ±ÙŠ","phone":"+213 555 901 234"}', false, '', '', '', ''),
('550e8400-e29b-41d4-a716-446655440010', 'leila.benmoussa@example.com', crypt('password123', gen_salt('bf')), NOW(), NOW(), NOW(), '{"provider":"email","providers":["email"]}', '{"name":"Ù„ÙŠÙ„Ù‰ Ø¨Ù† Ù…ÙˆØ³Ù‰","phone":"+213 555 012 345"}', false, '', '', '', '')
ON CONFLICT (id) DO NOTHING;

-- Now create profiles (after users exist) - using correct table structure
INSERT INTO public.profiles (id, full_name, avatar_url, phone, location, user_type, is_verified, created_at, updated_at) VALUES
('550e8400-e29b-41d4-a716-446655440001', 'Ø£Ø­Ù…Ø¯ Ø¨Ù† Ø¹Ù„ÙŠ', 'https://images.unsplash.com/photo-1507003211169-0a1dd7228f2d?w=150&h=150&fit=crop&crop=face', '+213 555 123 456', 'Ø§Ù„Ø¬Ø²Ø§Ø¦Ø± Ø§Ù„Ø¹Ø§ØµÙ…Ø©', 'farmer', true, NOW(), NOW()),
('550e8400-e29b-41d4-a716-446655440002', 'ÙØ§Ø·Ù…Ø© Ù…Ø²ÙŠÙ†', 'https://images.unsplash.com/photo-1494790108755-2616b612b786?w=150&h=150&fit=crop&crop=face', '+213 555 234 567', 'Ø¨Ø³ÙƒØ±Ø©', 'farmer', true, NOW(), NOW()),
('550e8400-e29b-41d4-a716-446655440003', 'Ù…Ø­Ù…Ø¯ ÙˆÙ„Ø¯', 'https://images.unsplash.com/photo-1472099645785-5658abf4ff4e?w=150&h=150&fit=crop&crop=face', '+213 555 345 678', 'Ø§Ù„Ø¬Ø²Ø§Ø¦Ø± Ø§Ù„Ø¹Ø§ØµÙ…Ø©', 'buyer', false, NOW(), NOW()),
('550e8400-e29b-41d4-a716-446655440004', 'Ø¹Ø§Ø¦Ø´Ø© ØªÙˆÙ…ÙŠ', 'https://images.unsplash.com/photo-1438761681033-6461ffad8d80?w=150&h=150&fit=crop&crop=face', '+213 555 456 789', 'Ø§Ù„Ø¬Ø²Ø§Ø¦Ø± Ø§Ù„Ø¹Ø§ØµÙ…Ø©', 'farmer', true, NOW(), NOW()),
('550e8400-e29b-41d4-a716-446655440005', 'Ø¨Ø±Ø§Ù‡ÙŠÙ… Ø®Ù„ÙŠÙÙŠ', 'https://images.unsplash.com/photo-1500648767791-00dcc994a43e?w=150&h=150&fit=crop&crop=face', '+213 555 567 890', 'Ø§Ù„Ø¬Ø²Ø§Ø¦Ø± Ø§Ù„Ø¹Ø§ØµÙ…Ø©', 'farmer', false, NOW(), NOW()),
('550e8400-e29b-41d4-a716-446655440006', 'Ù†Ø§Ø¯ÙŠØ© Ø¨ÙˆØ¹Ø²Ø©', 'https://images.unsplash.com/photo-1544005313-94ddf0286df2?w=150&h=150&fit=crop&crop=face', '+213 555 678 901', 'Ù…Ø³ØªØºØ§Ù†Ù…', 'farmer', true, NOW(), NOW()),
('550e8400-e29b-41d4-a716-446655440007', 'ÙŠÙˆØ³Ù Ø­Ù…ÙŠØ¯ÙŠ', 'https://images.unsplash.com/photo-1507003211169-0a1dd7228f2d?w=150&h=150&fit=crop&crop=face', '+213 555 789 012', 'Ø§Ù„Ø¬Ø²Ø§Ø¦Ø± Ø§Ù„Ø¹Ø§ØµÙ…Ø©', 'buyer', false, NOW(), NOW()),
('550e8400-e29b-41d4-a716-446655440008', 'Ø³Ù…ÙŠØ±Ø© Ø¨Ù† Ø´Ø¹Ø¨Ø§Ù†', 'https://images.unsplash.com/photo-1494790108755-2616b612b786?w=150&h=150&fit=crop&crop=face', '+213 555 890 123', 'Ø§Ù„Ø¬Ø²Ø§Ø¦Ø± Ø§Ù„Ø¹Ø§ØµÙ…Ø©', 'farmer', true, NOW(), NOW()),
('550e8400-e29b-41d4-a716-446655440009', 'ÙƒØ±ÙŠÙ… Ù…Ù†ØµÙˆØ±ÙŠ', 'https://images.unsplash.com/photo-1472099645785-5658abf4ff4e?w=150&h=150&fit=crop&crop=face', '+213 555 901 234', 'ØªÙŠØ¨Ø§Ø²Ø©', 'farmer', false, NOW(), NOW()),
('550e8400-e29b-41d4-a716-446655440010', 'Ù„ÙŠÙ„Ù‰ Ø¨Ù† Ù…ÙˆØ³Ù‰', 'https://images.unsplash.com/photo-1438761681033-6461ffad8d80?w=150&h=150&fit=crop&crop=face', '+213 555 012 345', 'Ø§Ù„Ø¬Ø²Ø§Ø¦Ø± Ø§Ù„Ø¹Ø§ØµÙ…Ø©', 'farmer', true, NOW(), NOW())
ON CONFLICT (id) DO NOTHING;

-- Sample Land Listings with explicit UUIDs
INSERT INTO public.land_listings (
  id, user_id, title, description, price, currency, listing_type, 
  area_size, area_unit, location, soil_type, water_source, 
  images, is_available, is_featured
) VALUES
-- Large Farm for Sale in Tiaret
(
  '11111111-1111-1111-1111-111111111111',
  '550e8400-e29b-41d4-a716-446655440001',
  'Ù…Ø²Ø±Ø¹Ø© ÙƒØ¨ÙŠØ±Ø© Ù„Ù„Ø¨ÙŠØ¹ ÙÙŠ ØªÙŠØ§Ø±Øª',
  'Ù…Ø²Ø±Ø¹Ø© Ù…Ù…ØªØ§Ø²Ø© Ù…Ø³Ø§Ø­ØªÙ‡Ø§ 50 Ù‡ÙƒØªØ§Ø±ØŒ ØªØ±Ø¨Ø© Ø®ØµØ¨Ø© Ù…Ù†Ø§Ø³Ø¨Ø© Ù„Ø²Ø±Ø§Ø¹Ø© Ø§Ù„Ù‚Ù…Ø­ ÙˆØ§Ù„Ø´Ø¹ÙŠØ±. ØªØªÙˆÙØ± Ø¹Ù„Ù‰ Ù…ØµØ¯Ø± Ù…ÙŠØ§Ù‡ Ø¬ÙŠØ¯ ÙˆØ·Ø±Ù‚ Ù…Ø¹Ø¨Ø¯Ø©. Ù…Ø«Ø§Ù„ÙŠØ© Ù„Ù„Ù…Ø³ØªØ«Ù…Ø±ÙŠÙ† Ø§Ù„Ø¬Ø§Ø¯ÙŠÙ†.',
  45000000,
  'DZD',
  'sale',
  50,
  'hectare',
  'ØªÙŠØ§Ø±Øª',
  'ØªØ±Ø¨Ø© Ø·ÙŠÙ†ÙŠØ© Ø®ØµØ¨Ø©',
  'Ø¨Ø¦Ø± Ø§Ø±ØªÙˆØ§Ø²ÙŠ + Ù‚Ù†Ø§Ø© Ø±ÙŠ',
  ARRAY['https://images.unsplash.com/photo-1500382017468-9049fed747ef?w=800', 'https://images.unsplash.com/photo-1574323347407-f5e1ad6d020b?w=800'],
  true,
  true
),

-- Medium Farm for Rent in Setif
(
  '22222222-2222-2222-2222-222222222222',
  '550e8400-e29b-41d4-a716-446655440002',
  'Ù…Ø²Ø±Ø¹Ø© Ù…ØªÙˆØ³Ø·Ø© Ù„Ù„Ø¥ÙŠØ¬Ø§Ø± ÙÙŠ Ø³Ø·ÙŠÙ',
  'Ù…Ø²Ø±Ø¹Ø© 25 Ù‡ÙƒØªØ§Ø± Ù…ØªØ§Ø­Ø© Ù„Ù„Ø¥ÙŠØ¬Ø§Ø± Ø§Ù„Ø³Ù†ÙˆÙŠ. Ù…Ù†Ø§Ø³Ø¨Ø© Ù„Ø²Ø±Ø§Ø¹Ø© Ø§Ù„Ø®Ø¶Ø±ÙˆØ§Øª ÙˆØ§Ù„ÙÙˆØ§ÙƒÙ‡. ØªØªÙˆÙØ± Ø¹Ù„Ù‰ Ù†Ø¸Ø§Ù… Ø±ÙŠ Ø­Ø¯ÙŠØ« ÙˆØ¨ÙŠÙˆØª Ø¨Ù„Ø§Ø³ØªÙŠÙƒÙŠØ©.',
  2500000,
  'DZD',
  'rent',
  25,
  'hectare',
  'Ø³Ø·ÙŠÙ',
  'ØªØ±Ø¨Ø© Ø±Ù…Ù„ÙŠØ© Ø·ÙŠÙ†ÙŠØ©',
  'Ù†Ø¸Ø§Ù… Ø±ÙŠ Ø¨Ø§Ù„ØªÙ†Ù‚ÙŠØ·',
  ARRAY['https://images.unsplash.com/photo-1523741543316-beb7fc7023d8?w=800', 'https://images.unsplash.com/photo-1574323347407-f5e1ad6d020b?w=800'],
  true,
  true
),

-- Small Organic Farm for Sale in Constantine
(
  '33333333-3333-3333-3333-333333333333',
  '550e8400-e29b-41d4-a716-446655440003',
  'Ù…Ø²Ø±Ø¹Ø© Ø¹Ø¶ÙˆÙŠØ© ØµØºÙŠØ±Ø© Ù„Ù„Ø¨ÙŠØ¹ ÙÙŠ Ù‚Ø³Ù†Ø·ÙŠÙ†Ø©',
  'Ù…Ø²Ø±Ø¹Ø© Ø¹Ø¶ÙˆÙŠØ© Ù…Ø¹ØªÙ…Ø¯Ø© Ù…Ø³Ø§Ø­ØªÙ‡Ø§ 10 Ù‡ÙƒØªØ§Ø±. Ù…Ø«Ø§Ù„ÙŠØ© Ù„Ø²Ø±Ø§Ø¹Ø© Ø§Ù„Ø®Ø¶Ø±ÙˆØ§Øª Ø§Ù„Ø¹Ø¶ÙˆÙŠØ© ÙˆØ§Ù„ÙÙˆØ§ÙƒÙ‡. ØªØªÙˆÙØ± Ø¹Ù„Ù‰ Ø´Ù‡Ø§Ø¯Ø© Ø¹Ø¶ÙˆÙŠØ© Ù…Ø¹ØªÙ…Ø¯Ø©.',
  18000000,
  'DZD',
  'sale',
  10,
  'hectare',
  'Ù‚Ø³Ù†Ø·ÙŠÙ†Ø©',
  'ØªØ±Ø¨Ø© Ø¹Ø¶ÙˆÙŠØ© ØºÙ†ÙŠØ©',
  'Ù…ÙŠØ§Ù‡ Ø·Ø¨ÙŠØ¹ÙŠØ© + Ù†Ø¸Ø§Ù… Ø±ÙŠ Ø°ÙƒÙŠ',
  ARRAY['https://images.unsplash.com/photo-1574323347407-f5e1ad6d020b?w=800'],
  true,
  false
),

-- Large Farm for Rent in Oran
(
  '44444444-4444-4444-4444-444444444444',
  '550e8400-e29b-41d4-a716-446655440004',
  'Ù…Ø²Ø±Ø¹Ø© ÙƒØ¨ÙŠØ±Ø© Ù„Ù„Ø¥ÙŠØ¬Ø§Ø± ÙÙŠ ÙˆÙ‡Ø±Ø§Ù†',
  'Ù…Ø²Ø±Ø¹Ø© 80 Ù‡ÙƒØªØ§Ø± Ù…ØªØ§Ø­Ø© Ù„Ù„Ø¥ÙŠØ¬Ø§Ø± Ø·ÙˆÙŠÙ„ Ø§Ù„Ù…Ø¯Ù‰. Ù…Ù†Ø§Ø³Ø¨Ø© Ù„Ø²Ø±Ø§Ø¹Ø© Ø§Ù„Ø­Ø¨ÙˆØ¨ ÙˆØ§Ù„Ø¨Ù‚ÙˆÙ„ÙŠØ§Øª. ØªØªÙˆÙØ± Ø¹Ù„Ù‰ Ù…Ø¹Ø¯Ø§Øª Ø²Ø±Ø§Ø¹ÙŠØ© Ø­Ø¯ÙŠØ«Ø©.',
  5000000,
  'DZD',
  'rent',
  80,
  'hectare',
  'ÙˆÙ‡Ø±Ø§Ù†',
  'ØªØ±Ø¨Ø© Ø·ÙŠÙ†ÙŠØ© Ø«Ù‚ÙŠÙ„Ø©',
  'Ø¨Ø¦Ø± Ø§Ø±ØªÙˆØ§Ø²ÙŠ + Ø®Ø²Ø§Ù† Ù…ÙŠØ§Ù‡',
  ARRAY['https://images.unsplash.com/photo-1500382017468-9049fed747ef?w=800'],
  true,
  true
),

-- Vineyard for Sale in Mostaganem
(
  '55555555-5555-5555-5555-555555555555',
  '550e8400-e29b-41d4-a716-446655440005',
  'ÙƒØ±Ù… Ø¹Ù†Ø¨ Ù„Ù„Ø¨ÙŠØ¹ ÙÙŠ Ù…Ø³ØªØºØ§Ù†Ù…',
  'ÙƒØ±Ù… Ø¹Ù†Ø¨ Ù‚Ø¯ÙŠÙ… Ù…Ø³Ø§Ø­ØªÙ‡ 15 Ù‡ÙƒØªØ§Ø± Ù…Ø¹ Ù…Ù†Ø²Ù„ Ø±ÙŠÙÙŠ. ÙŠÙ†ØªØ¬ Ø¹Ù†Ø¨ Ø¹Ø§Ù„ÙŠ Ø§Ù„Ø¬ÙˆØ¯Ø©. ÙŠØªÙˆÙØ± Ø¹Ù„Ù‰ Ù…Ø¹ØµØ±Ø© ØªÙ‚Ù„ÙŠØ¯ÙŠØ©.',
  25000000,
  'DZD',
  'sale',
  15,
  'hectare',
  'Ù…Ø³ØªØºØ§Ù†Ù…',
  'ØªØ±Ø¨Ø© ÙƒÙ„Ø³ÙŠØ© Ù…Ù†Ø§Ø³Ø¨Ø© Ù„Ù„Ø¹Ù†Ø¨',
  'Ø±ÙŠ Ø¨Ø§Ù„ØªÙ†Ù‚ÙŠØ· + Ù…ÙŠØ§Ù‡ Ø¬ÙˆÙÙŠØ©',
  ARRAY['https://images.unsplash.com/photo-1574323347407-f5e1ad6d020b?w=800', 'https://images.unsplash.com/photo-1500382017468-9049fed747ef?w=800'],
  true,
  false
),

-- Date Palm Farm for Sale in Algiers
(
  '66666666-6666-6666-6666-666666666666',
  '550e8400-e29b-41d4-a716-446655440006',
  'Ù…Ø²Ø±Ø¹Ø© Ù†Ø®ÙŠÙ„ Ù„Ù„Ø¨ÙŠØ¹ ÙÙŠ Ø§Ù„Ø¬Ø²Ø§Ø¦Ø± Ø§Ù„Ø¹Ø§ØµÙ…Ø©',
  'Ù…Ø²Ø±Ø¹Ø© Ù†Ø®ÙŠÙ„ Ù…Ø³Ø§Ø­ØªÙ‡Ø§ 30 Ù‡ÙƒØªØ§Ø± Ù…Ø¹ 500 Ù†Ø®Ù„Ø© Ù…Ø«Ù…Ø±Ø©. ØªÙ†ØªØ¬ ØªÙ…ÙˆØ± Ø¹Ø§Ù„ÙŠØ© Ø§Ù„Ø¬ÙˆØ¯Ø©. ØªØªÙˆÙØ± Ø¹Ù„Ù‰ Ù…Ø®Ø²Ù† ÙˆÙ…Ø±Ø§ÙÙ‚ ØªØ¬Ù‡ÙŠØ².',
  35000000,
  'DZD',
  'sale',
  30,
  'hectare',
  'Ø§Ù„Ø¬Ø²Ø§Ø¦Ø± Ø§Ù„Ø¹Ø§ØµÙ…Ø©',
  'ØªØ±Ø¨Ø© Ø±Ù…Ù„ÙŠØ© Ù…Ù†Ø§Ø³Ø¨Ø© Ù„Ù„Ù†Ø®ÙŠÙ„',
  'Ù†Ø¸Ø§Ù… Ø±ÙŠ Ø¨Ø§Ù„ØªÙ†Ù‚ÙŠØ· + Ø¨Ø¦Ø± Ø§Ø±ØªÙˆØ§Ø²ÙŠ',
  ARRAY['https://images.unsplash.com/photo-1523741543316-beb7fc7023d8?w=800'],
  true,
  true
),

-- Small Farm for Rent in Annaba
(
  '77777777-7777-7777-7777-777777777777',
  '550e8400-e29b-41d4-a716-446655440007',
  'Ù…Ø²Ø±Ø¹Ø© ØµØºÙŠØ±Ø© Ù„Ù„Ø¥ÙŠØ¬Ø§Ø± ÙÙŠ Ø¹Ù†Ø§Ø¨Ø©',
  'Ù…Ø²Ø±Ø¹Ø© 8 Ù‡ÙƒØªØ§Ø± Ù…ØªØ§Ø­Ø© Ù„Ù„Ø¥ÙŠØ¬Ø§Ø± Ø§Ù„Ø³Ù†ÙˆÙŠ. Ù…Ù†Ø§Ø³Ø¨Ø© Ù„Ø²Ø±Ø§Ø¹Ø© Ø§Ù„Ø®Ø¶Ø±ÙˆØ§Øª Ø§Ù„ØµÙŠÙÙŠØ©. ØªØªÙˆÙØ± Ø¹Ù„Ù‰ Ø¨ÙŠØª Ø¨Ù„Ø§Ø³ØªÙŠÙƒÙŠ ÙˆÙ…Ø±Ø§ÙÙ‚ Ø£Ø³Ø§Ø³ÙŠØ©.',
  1200000,
  'DZD',
  'rent',
  8,
  'hectare',
  'Ø¹Ù†Ø§Ø¨Ø©',
  'ØªØ±Ø¨Ø© Ø®ØµØ¨Ø© Ù…Ù†Ø§Ø³Ø¨Ø© Ù„Ù„Ø®Ø¶Ø±ÙˆØ§Øª',
  'Ø±ÙŠ Ø¨Ø§Ù„Ø±Ø´ + Ù…ÙŠØ§Ù‡ Ø¹Ø°Ø¨Ø©',
  ARRAY['https://images.unsplash.com/photo-1574323347407-f5e1ad6d020b?w=800'],
  true,
  false
),

-- Olive Farm for Sale in Bejaia
(
  '88888888-8888-8888-8888-888888888888',
  '550e8400-e29b-41d4-a716-446655440008',
  'Ù…Ø²Ø±Ø¹Ø© Ø²ÙŠØªÙˆÙ† Ù„Ù„Ø¨ÙŠØ¹ ÙÙŠ Ø¨Ø¬Ø§ÙŠØ©',
  'Ù…Ø²Ø±Ø¹Ø© Ø²ÙŠØªÙˆÙ† Ù…Ø³Ø§Ø­ØªÙ‡Ø§ 20 Ù‡ÙƒØªØ§Ø± Ù…Ø¹ 300 Ø´Ø¬Ø±Ø© Ø²ÙŠØªÙˆÙ† Ù…Ø«Ù…Ø±Ø©. ØªÙ†ØªØ¬ Ø²ÙŠØª Ø²ÙŠØªÙˆÙ† Ø¨ÙƒØ± Ù…Ù…ØªØ§Ø². ØªØªÙˆÙØ± Ø¹Ù„Ù‰ Ù…Ø¹ØµØ±Ø© Ø­Ø¯ÙŠØ«Ø©.',
  28000000,
  'DZD',
  'sale',
  20,
  'hectare',
  'Ø¨Ø¬Ø§ÙŠØ©',
  'ØªØ±Ø¨Ø© ÙƒÙ„Ø³ÙŠØ© Ù…Ù†Ø§Ø³Ø¨Ø© Ù„Ù„Ø²ÙŠØªÙˆÙ†',
  'Ø±ÙŠ Ø¨Ø§Ù„ØªÙ†Ù‚ÙŠØ· + Ù…ÙŠØ§Ù‡ Ø¬ÙˆÙÙŠØ©',
  ARRAY['https://images.unsplash.com/photo-1500382017468-9049fed747ef?w=800'],
  true,
  true
),

-- Citrus Farm for Rent in Tipaza
(
  '99999999-9999-9999-9999-999999999999',
  '550e8400-e29b-41d4-a716-446655440009',
  'Ù…Ø²Ø±Ø¹Ø© Ø­Ù…Ø¶ÙŠØ§Øª Ù„Ù„Ø¥ÙŠØ¬Ø§Ø± ÙÙŠ ØªÙŠØ¨Ø§Ø²Ø©',
  'Ù…Ø²Ø±Ø¹Ø© Ø­Ù…Ø¶ÙŠØ§Øª Ù…Ø³Ø§Ø­ØªÙ‡Ø§ 12 Ù‡ÙƒØªØ§Ø± Ù…ØªØ§Ø­Ø© Ù„Ù„Ø¥ÙŠØ¬Ø§Ø± Ø§Ù„Ø³Ù†ÙˆÙŠ. ØªÙ†ØªØ¬ Ø¨Ø±ØªÙ‚Ø§Ù„ ÙˆÙ„ÙŠÙ…ÙˆÙ† Ø·Ø§Ø²Ø¬. ØªØªÙˆÙØ± Ø¹Ù„Ù‰ Ù…Ø±Ø§ÙÙ‚ Ø§Ù„ØªØ¹Ø¨Ø¦Ø©.',
  1800000,
  'DZD',
  'rent',
  12,
  'hectare',
  'ØªÙŠØ¨Ø§Ø²Ø©',
  'ØªØ±Ø¨Ø© Ø±Ù…Ù„ÙŠØ© Ù…Ù†Ø§Ø³Ø¨Ø© Ù„Ù„Ø­Ù…Ø¶ÙŠØ§Øª',
  'Ø±ÙŠ Ø¨Ø§Ù„ØªÙ†Ù‚ÙŠØ· + Ù…ÙŠØ§Ù‡ Ø¹Ø°Ø¨Ø©',
  ARRAY['https://images.unsplash.com/photo-1574323347407-f5e1ad6d020b?w=800'],
  true,
  false
),

-- Mixed Farm for Sale in Blida
(
  'aaaaaaaa-aaaa-aaaa-aaaa-aaaaaaaaaaaa',
  '550e8400-e29b-41d4-a716-446655440010',
  'Ù…Ø²Ø±Ø¹Ø© Ù…Ø®ØªÙ„Ø·Ø© Ù„Ù„Ø¨ÙŠØ¹ ÙÙŠ Ø§Ù„Ø¨Ù„ÙŠØ¯Ø©',
  'Ù…Ø²Ø±Ø¹Ø© Ù…Ø®ØªÙ„Ø·Ø© Ù…Ø³Ø§Ø­ØªÙ‡Ø§ 35 Ù‡ÙƒØªØ§Ø±. ØªØ¬Ù…Ø¹ Ø¨ÙŠÙ† Ø²Ø±Ø§Ø¹Ø© Ø§Ù„Ø­Ø¨ÙˆØ¨ ÙˆØ§Ù„Ø®Ø¶Ø±ÙˆØ§Øª ÙˆØ§Ù„ÙÙˆØ§ÙƒÙ‡. ØªØªÙˆÙØ± Ø¹Ù„Ù‰ Ù…Ù†Ø²Ù„ Ø±ÙŠÙÙŠ ÙˆÙ…Ø®Ø§Ø²Ù†.',
  40000000,
  'DZD',
  'sale',
  35,
  'hectare',
  'Ø§Ù„Ø¨Ù„ÙŠØ¯Ø©',
  'ØªØ±Ø¨Ø© Ù…ØªÙ†ÙˆØ¹Ø© Ø®ØµØ¨Ø©',
  'Ù†Ø¸Ø§Ù… Ø±ÙŠ Ù…ØªÙƒØ§Ù…Ù„ + Ø¨Ø¦Ø± Ø§Ø±ØªÙˆØ§Ø²ÙŠ',
  ARRAY['https://images.unsplash.com/photo-1500382017468-9049fed747ef?w=800', 'https://images.unsplash.com/photo-1523741543316-beb7fc7023d8?w=800'],
  true,
  true
);

-- Sample Reviews using the correct UUIDs
INSERT INTO public.land_reviews (land_id, user_id, rating, comment, created_at) VALUES
('11111111-1111-1111-1111-111111111111', '550e8400-e29b-41d4-a716-446655440003', 5, 'Ù…Ø²Ø±Ø¹Ø© Ù…Ù…ØªØ§Ø²Ø© ÙˆÙ…ÙˆÙ‚Ø¹ Ø§Ø³ØªØ±Ø§ØªÙŠØ¬ÙŠ. Ø§Ù„ØªØ±Ø¨Ø© Ø®ØµØ¨Ø© ÙˆØ§Ù„Ù…ÙŠØ§Ù‡ Ù…ØªÙˆÙØ±Ø©.', NOW()),
('11111111-1111-1111-1111-111111111111', '550e8400-e29b-41d4-a716-446655440007', 4, 'Ù…Ø²Ø±Ø¹Ø© Ø¬ÙŠØ¯Ø© Ù„Ù„Ø§Ø³ØªØ«Ù…Ø§Ø± Ø§Ù„Ø²Ø±Ø§Ø¹ÙŠ. Ø§Ù„Ø·Ø±Ù‚ Ù…Ù…Ù‡Ø¯Ø© ÙˆØ§Ù„Ù…Ø±Ø§ÙÙ‚ Ù…ØªÙˆÙØ±Ø©.', NOW()),
('22222222-2222-2222-2222-222222222222', '550e8400-e29b-41d4-a716-446655440003', 5, 'Ù…Ø²Ø±Ø¹Ø© Ù…Ø«Ø§Ù„ÙŠØ© Ù„Ù„Ø¥ÙŠØ¬Ø§Ø±. Ù†Ø¸Ø§Ù… Ø§Ù„Ø±ÙŠ Ø­Ø¯ÙŠØ« ÙˆØ§Ù„Ø¨ÙŠÙˆØª Ø§Ù„Ø¨Ù„Ø§Ø³ØªÙŠÙƒÙŠØ© ÙÙŠ Ø­Ø§Ù„Ø© Ù…Ù…ØªØ§Ø²Ø©.', NOW()),
('33333333-3333-3333-3333-333333333333', '550e8400-e29b-41d4-a716-446655440007', 5, 'Ù…Ø²Ø±Ø¹Ø© Ø¹Ø¶ÙˆÙŠØ© Ù…Ø¹ØªÙ…Ø¯Ø©. Ù…Ø«Ø§Ù„ÙŠØ© Ù„Ù„Ù…Ø´Ø§Ø±ÙŠØ¹ Ø§Ù„Ø¹Ø¶ÙˆÙŠØ©.', NOW()),
('44444444-4444-4444-4444-444444444444', '550e8400-e29b-41d4-a716-446655440003', 4, 'Ù…Ø²Ø±Ø¹Ø© ÙƒØ¨ÙŠØ±Ø© ÙˆÙ…Ù†Ø§Ø³Ø¨Ø© Ù„Ù„Ù…Ø´Ø§Ø±ÙŠØ¹ Ø§Ù„ÙƒØ¨ÙŠØ±Ø©. Ø§Ù„Ù…Ø¹Ø¯Ø§Øª Ù…ØªÙˆÙØ±Ø©.', NOW()),
('55555555-5555-5555-5555-555555555555', '550e8400-e29b-41d4-a716-446655440007', 5, 'ÙƒØ±Ù… Ø¹Ù†Ø¨ Ù‚Ø¯ÙŠÙ… ÙˆØ¬Ù…ÙŠÙ„. Ø§Ù„Ø¹Ù†Ø¨ Ø¹Ø§Ù„ÙŠ Ø§Ù„Ø¬ÙˆØ¯Ø©.', NOW()),
('66666666-6666-6666-6666-666666666666', '550e8400-e29b-41d4-a716-446655440003', 5, 'Ù…Ø²Ø±Ø¹Ø© Ù†Ø®ÙŠÙ„ Ù…Ù…ØªØ§Ø²Ø©. Ø§Ù„ØªÙ…ÙˆØ± Ø¹Ø§Ù„ÙŠØ© Ø§Ù„Ø¬ÙˆØ¯Ø©.', NOW()),
('77777777-7777-7777-7777-777777777777', '550e8400-e29b-41d4-a716-446655440007', 4, 'Ù…Ø²Ø±Ø¹Ø© ØµØºÙŠØ±Ø© ÙˆÙ…Ù†Ø§Ø³Ø¨Ø© Ù„Ù„Ù…Ø¨ØªØ¯Ø¦ÙŠÙ†. Ø§Ù„Ù…Ø±Ø§ÙÙ‚ Ø§Ù„Ø£Ø³Ø§Ø³ÙŠØ© Ù…ØªÙˆÙØ±Ø©.', NOW()),
('88888888-8888-8888-8888-888888888888', '550e8400-e29b-41d4-a716-446655440003', 5, 'Ù…Ø²Ø±Ø¹Ø© Ø²ÙŠØªÙˆÙ† Ù…Ù…ØªØ§Ø²Ø©. Ø²ÙŠØª Ø§Ù„Ø²ÙŠØªÙˆÙ† Ø¹Ø§Ù„ÙŠ Ø§Ù„Ø¬ÙˆØ¯Ø©.', NOW()),
('99999999-9999-9999-9999-999999999999', '550e8400-e29b-41d4-a716-446655440007', 4, 'Ù…Ø²Ø±Ø¹Ø© Ø­Ù…Ø¶ÙŠØ§Øª Ø¬ÙŠØ¯Ø©. Ø§Ù„ÙÙˆØ§ÙƒÙ‡ Ø·Ø§Ø²Ø¬Ø© ÙˆØ­Ù„ÙˆØ©.', NOW()),
('aaaaaaaa-aaaa-aaaa-aaaa-aaaaaaaaaaaa', '550e8400-e29b-41d4-a716-446655440003', 5, 'Ù…Ø²Ø±Ø¹Ø© Ù…Ø®ØªÙ„Ø·Ø© Ù…Ù…ØªØ§Ø²Ø©. Ù…Ù†Ø§Ø³Ø¨Ø© Ù„Ù…Ø®ØªÙ„Ù Ø£Ù†ÙˆØ§Ø¹ Ø§Ù„Ø²Ø±Ø§Ø¹Ø©.', NOW());

-- Sample Favorites using the correct UUIDs
INSERT INTO public.land_favorites (user_id, land_id, created_at) VALUES
('550e8400-e29b-41d4-a716-446655440003', '11111111-1111-1111-1111-111111111111', NOW()),
('550e8400-e29b-41d4-a716-446655440003', '33333333-3333-3333-3333-333333333333', NOW()),
('550e8400-e29b-41d4-a716-446655440003', '66666666-6666-6666-6666-666666666666', NOW()),
('550e8400-e29b-41d4-a716-446655440007', '22222222-2222-2222-2222-222222222222', NOW()),
('550e8400-e29b-41d4-a716-446655440007', '44444444-4444-4444-4444-444444444444', NOW()),
('550e8400-e29b-41d4-a716-446655440007', '88888888-8888-8888-8888-888888888888', NOW());

-- Create indexes for better performance
CREATE INDEX IF NOT EXISTS idx_land_listings_user_id ON public.land_listings(user_id);
CREATE INDEX IF NOT EXISTS idx_land_listings_location ON public.land_listings(location);
CREATE INDEX IF NOT EXISTS idx_land_listings_listing_type ON public.land_listings(listing_type);
CREATE INDEX IF NOT EXISTS idx_land_listings_is_available ON public.land_listings(is_available);
CREATE INDEX IF NOT EXISTS idx_land_listings_is_featured ON public.land_listings(is_featured);

CREATE INDEX IF NOT EXISTS idx_land_reviews_land_id ON public.land_reviews(land_id);
CREATE INDEX IF NOT EXISTS idx_land_reviews_user_id ON public.land_reviews(user_id);

CREATE INDEX IF NOT EXISTS idx_land_favorites_user_id ON public.land_favorites(user_id);
CREATE INDEX IF NOT EXISTS idx_land_favorites_land_id ON public.land_favorites(land_id);

-- Enable Row Level Security (RLS)
ALTER TABLE public.land_listings ENABLE ROW LEVEL SECURITY;
ALTER TABLE public.land_reviews ENABLE ROW LEVEL SECURITY;
ALTER TABLE public.land_favorites ENABLE ROW LEVEL SECURITY;

-- Create RLS policies
CREATE POLICY "Land listings are viewable by everyone" ON public.land_listings
    FOR SELECT USING (true);

CREATE POLICY "Users can insert their own land listings" ON public.land_listings
    FOR INSERT WITH CHECK (auth.uid() = user_id);

CREATE POLICY "Users can update their own land listings" ON public.land_listings
    FOR UPDATE USING (auth.uid() = user_id);

CREATE POLICY "Users can delete their own land listings" ON public.land_listings
    FOR DELETE USING (auth.uid() = user_id);

-- Reviews policies
CREATE POLICY "Reviews are viewable by everyone" ON public.land_reviews
    FOR SELECT USING (true);

CREATE POLICY "Users can insert their own reviews" ON public.land_reviews
    FOR INSERT WITH CHECK (auth.uid() = user_id);

CREATE POLICY "Users can update their own reviews" ON public.land_reviews
    FOR UPDATE USING (auth.uid() = user_id);

CREATE POLICY "Users can delete their own reviews" ON public.land_reviews
    FOR DELETE USING (auth.uid() = user_id);

-- Favorites policies
CREATE POLICY "Favorites are viewable by owner" ON public.land_favorites
    FOR SELECT USING (auth.uid() = user_id);

CREATE POLICY "Users can insert their own favorites" ON public.land_favorites
    FOR INSERT WITH CHECK (auth.uid() = user_id);

CREATE POLICY "Users can delete their own favorites" ON public.land_favorites
    FOR DELETE USING (auth.uid() = user_id);

-- Verification queries
SELECT 'Database setup completed successfully!' as status;

-- Show summary
SELECT 
  'Users' as table_name,
  COUNT(*) as count
FROM auth.users
UNION ALL
SELECT 
  'Profiles' as table_name,
  COUNT(*) as count
FROM public.profiles
UNION ALL
SELECT 
  'Categories' as table_name,
  COUNT(*) as count
FROM public.categories
UNION ALL
SELECT 
  'Land Listings' as table_name,
  COUNT(*) as count
FROM public.land_listings
UNION ALL
SELECT 
  'Reviews' as table_name,
  COUNT(*) as count
FROM public.land_reviews
UNION ALL
SELECT 
  'Favorites' as table_name,
  COUNT(*) as count
FROM public.land_favorites;

-- Show sample land listings
SELECT 
  title,
  price,
  currency,
  listing_type,
  area_size,
  area_unit,
  location,
  is_available
FROM public.land_listings
LIMIT 5; 
